{
  "read 1k" : {
    "transaction" : "read 1k",
    "sampleCount" : 1000,
    "errorCount" : 0,
    "errorPct" : 0.0,
    "meanResTime" : 1535.5890000000002,
    "minResTime" : 777.0,
    "maxResTime" : 4445.0,
    "pct1ResTime" : 2123.0,
    "pct2ResTime" : 2382.199999999999,
    "pct3ResTime" : 3286.010000000001,
    "throughput" : 190.80328181644722,
    "receivedKBytesPerSec" : 1693.5907985117344,
    "sentKBytesPerSec" : 94.6624645225148
  },
  "cleanup" : {
    "transaction" : "cleanup",
    "sampleCount" : 6,
    "errorCount" : 6,
    "errorPct" : 100.0,
    "meanResTime" : 392.0,
    "minResTime" : 0.0,
    "maxResTime" : 797.0,
    "pct1ResTime" : 797.0,
    "pct2ResTime" : 797.0,
    "pct3ResTime" : 797.0,
    "throughput" : 2.544529262086514,
    "receivedKBytesPerSec" : 2.1432192270992365,
    "sentKBytesPerSec" : 0.40131003498727735
  },
  "read 100" : {
    "transaction" : "read 100",
    "sampleCount" : 100,
    "errorCount" : 0,
    "errorPct" : 0.0,
    "meanResTime" : 845.7800000000001,
    "minResTime" : 763.0,
    "maxResTime" : 1060.0,
    "pct1ResTime" : 991.7,
    "pct2ResTime" : 1031.0,
    "pct3ResTime" : 1059.8899999999999,
    "throughput" : 50.050050050050054,
    "receivedKBytesPerSec" : 401.91803131256256,
    "sentKBytesPerSec" : 24.754735203953953
  },
  "Total" : {
    "transaction" : "Total",
    "sampleCount" : 12106,
    "errorCount" : 6,
    "errorPct" : 0.0495622,
    "meanResTime" : 1116.0263505699654,
    "minResTime" : 0.0,
    "maxResTime" : 4445.0,
    "pct1ResTime" : 1768.0,
    "pct2ResTime" : 1963.0,
    "pct3ResTime" : 2402.9300000000003,
    "throughput" : 86.73783764419288,
    "receivedKBytesPerSec" : 81.08481631081179,
    "sentKBytesPerSec" : 527.0208203656767
  },
  "write 1k" : {
    "transaction" : "write 1k",
    "sampleCount" : 1000,
    "errorCount" : 0,
    "errorPct" : 0.0,
    "meanResTime" : 1180.0540000000015,
    "minResTime" : 324.0,
    "maxResTime" : 2808.0,
    "pct1ResTime" : 1965.8,
    "pct2ResTime" : 2215.7499999999995,
    "pct3ResTime" : 2545.99,
    "throughput" : 68.31067695880866,
    "receivedKBytesPerSec" : 10.139866111073161,
    "sentKBytesPerSec" : 453.3965082570531
  },
  "write 10k" : {
    "transaction" : "write 10k",
    "sampleCount" : 10000,
    "errorCount" : 0,
    "errorPct" : 0.0,
    "meanResTime" : 1070.8041999999978,
    "minResTime" : 308.0,
    "maxResTime" : 3483.0,
    "pct1ResTime" : 1696.8999999999996,
    "pct2ResTime" : 1872.0,
    "pct3ResTime" : 2258.0,
    "throughput" : 86.71447524735304,
    "receivedKBytesPerSec" : 12.871679919528967,
    "sentKBytesPerSec" : 575.5455830898102
  }
}