{
  "read 1k" : {
    "transaction" : "read 1k",
    "sampleCount" : 1000,
    "errorCount" : 545,
    "errorPct" : 54.5,
    "meanResTime" : 41495.14599999998,
    "minResTime" : 5978.0,
    "maxResTime" : 86316.0,
    "pct1ResTime" : 77350.09999999999,
    "pct2ResTime" : 81458.9,
    "pct3ResTime" : 84862.81,
    "throughput" : 11.549344574695386,
    "receivedKBytesPerSec" : 576.0134211504592,
    "sentKBytesPerSec" : 2.0236278837269737
  },
  "write 25k" : {
    "transaction" : "write 25k",
    "sampleCount" : 25000,
    "errorCount" : 18,
    "errorPct" : 0.072,
    "meanResTime" : 162.04696000000007,
    "minResTime" : 1.0,
    "maxResTime" : 961.0,
    "pct1ResTime" : 137.0,
    "pct2ResTime" : 510.9500000000007,
    "pct3ResTime" : 529.0,
    "throughput" : 598.071816463721,
    "receivedKBytesPerSec" : 116.47668230126072,
    "sentKBytesPerSec" : 6850.42908382126
  },
  "cleanup" : {
    "transaction" : "cleanup",
    "sampleCount" : 18,
    "errorCount" : 0,
    "errorPct" : 0.0,
    "meanResTime" : 1209.0,
    "minResTime" : 384.0,
    "maxResTime" : 2832.0,
    "pct1ResTime" : 2822.1,
    "pct2ResTime" : 2832.0,
    "pct3ResTime" : 2832.0,
    "throughput" : 0.8268259072117593,
    "receivedKBytesPerSec" : 107.65284975022968,
    "sentKBytesPerSec" : 0.2221825476573266
  },
  "read 100" : {
    "transaction" : "read 100",
    "sampleCount" : 100,
    "errorCount" : 0,
    "errorPct" : 0.0,
    "meanResTime" : 11830.839999999998,
    "minResTime" : 4249.0,
    "maxResTime" : 18376.0,
    "pct1ResTime" : 18203.9,
    "pct2ResTime" : 18277.75,
    "pct3ResTime" : 18375.829999999998,
    "throughput" : 5.186721991701245,
    "receivedKBytesPerSec" : 53.078349893023855,
    "sentKBytesPerSec" : 1.9967866636410787
  },
  "read 2500" : {
    "transaction" : "read 2500",
    "sampleCount" : 2500,
    "errorCount" : 644,
    "errorPct" : 25.76,
    "meanResTime" : 32192.3832,
    "minResTime" : 5591.0,
    "maxResTime" : 185304.0,
    "pct1ResTime" : 53110.4,
    "pct2ResTime" : 62182.1,
    "pct3ResTime" : 126908.93999999983,
    "throughput" : 13.454821400700727,
    "receivedKBytesPerSec" : 3461.261766451547,
    "sentKBytesPerSec" : 3.846538974244781
  },
  "Total" : {
    "transaction" : "Total",
    "sampleCount" : 39618,
    "errorCount" : 1207,
    "errorPct" : 3.046595,
    "meanResTime" : 3256.397294159217,
    "minResTime" : 1.0,
    "maxResTime" : 185304.0,
    "pct1ResTime" : 11614.800000000003,
    "pct2ResTime" : 32340.95,
    "pct3ResTime" : 54057.74000000004,
    "throughput" : 105.61054346058597,
    "receivedKBytesPerSec" : 1874.9734469174934,
    "sentKBytesPerSec" : 1101.94275055447
  },
  "write 1k" : {
    "transaction" : "write 1k",
    "sampleCount" : 1000,
    "errorCount" : 0,
    "errorPct" : 0.0,
    "meanResTime" : 170.35099999999983,
    "minResTime" : 123.0,
    "maxResTime" : 616.0,
    "pct1ResTime" : 458.0999999999923,
    "pct2ResTime" : 516.0,
    "pct3ResTime" : 594.9300000000001,
    "throughput" : 388.9537145079736,
    "receivedKBytesPerSec" : 75.24583090237262,
    "sentKBytesPerSec" : 4458.358022778101
  },
  "write 10k" : {
    "transaction" : "write 10k",
    "sampleCount" : 10000,
    "errorCount" : 0,
    "errorPct" : 0.0,
    "meanResTime" : 160.94729999999993,
    "minResTime" : 122.0,
    "maxResTime" : 554.0,
    "pct1ResTime" : 137.0,
    "pct2ResTime" : 510.0,
    "pct3ResTime" : 530.0,
    "throughput" : 578.4024524263983,
    "receivedKBytesPerSec" : 111.88472439123142,
    "sentKBytesPerSec" : 6629.915008730261
  }
}