{
  "read 1k" : {
    "transaction" : "read 1k",
    "sampleCount" : 1000,
    "errorCount" : 0,
    "errorPct" : 0.0,
    "meanResTime" : 50116.312000000034,
    "minResTime" : 10206.0,
    "maxResTime" : 85712.0,
    "pct1ResTime" : 80173.9,
    "pct2ResTime" : 84562.5,
    "pct3ResTime" : 85336.83,
    "throughput" : 11.653517614291875,
    "receivedKBytesPerSec" : 3.9124864527857732,
    "sentKBytesPerSec" : 0.0
  },
  "Write 1k" : {
    "transaction" : "Write 1k",
    "sampleCount" : 1000,
    "errorCount" : 0,
    "errorPct" : 0.0,
    "meanResTime" : 411.0970000000005,
    "minResTime" : 122.0,
    "maxResTime" : 3553.0,
    "pct1ResTime" : 2366.8999999999437,
    "pct2ResTime" : 2916.499999999999,
    "pct3ResTime" : 3311.96,
    "throughput" : 207.59809009757112,
    "receivedKBytesPerSec" : 1.8245925887481835,
    "sentKBytesPerSec" : 0.0
  },
  "Write 25k" : {
    "transaction" : "Write 25k",
    "sampleCount" : 25000,
    "errorCount" : 0,
    "errorPct" : 0.0,
    "meanResTime" : 140.4632800000007,
    "minResTime" : 122.0,
    "maxResTime" : 2215.0,
    "pct1ResTime" : 141.0,
    "pct2ResTime" : 177.0,
    "pct3ResTime" : 251.0,
    "throughput" : 673.8726111215935,
    "receivedKBytesPerSec" : 5.922708496185882,
    "sentKBytesPerSec" : 0.0
  },
  "cleanup" : {
    "transaction" : "cleanup",
    "sampleCount" : 4,
    "errorCount" : 0,
    "errorPct" : 0.0,
    "meanResTime" : 2312.5,
    "minResTime" : 2022.0,
    "maxResTime" : 2943.0,
    "pct1ResTime" : 2943.0,
    "pct2ResTime" : 2943.0,
    "pct3ResTime" : 2943.0,
    "throughput" : 0.4323389537397319,
    "receivedKBytesPerSec" : 0.0043276115974924334,
    "sentKBytesPerSec" : 0.0
  },
  "read 100" : {
    "transaction" : "read 100",
    "sampleCount" : 100,
    "errorCount" : 0,
    "errorPct" : 0.0,
    "meanResTime" : 7353.8,
    "minResTime" : 2727.0,
    "maxResTime" : 8424.0,
    "pct1ResTime" : 8303.0,
    "pct2ResTime" : 8364.4,
    "pct3ResTime" : 8423.89,
    "throughput" : 11.393414606357526,
    "receivedKBytesPerSec" : 3.6824984690099125,
    "sentKBytesPerSec" : 0.0
  },
  "Total" : {
    "transaction" : "Total",
    "sampleCount" : 39604,
    "errorCount" : 737,
    "errorPct" : 1.8609232,
    "meanResTime" : 6418.151323098678,
    "minResTime" : 122.0,
    "maxResTime" : 370751.0,
    "pct1ResTime" : 10005.0,
    "pct2ResTime" : 95475.0,
    "pct3ResTime" : 178387.8600000002,
    "throughput" : 74.12301305818255,
    "receivedKBytesPerSec" : 2.5868183822180755,
    "sentKBytesPerSec" : 0.0
  },
  "read 2.5k" : {
    "transaction" : "read 2.5k",
    "sampleCount" : 2500,
    "errorCount" : 737,
    "errorPct" : 29.48,
    "meanResTime" : 79143.0519999999,
    "minResTime" : 6981.0,
    "maxResTime" : 370751.0,
    "pct1ResTime" : 170568.30000000002,
    "pct2ResTime" : 186013.89999999997,
    "pct3ResTime" : 191517.80999999994,
    "throughput" : 6.7254742131867715,
    "receivedKBytesPerSec" : 1.8767777319885075,
    "sentKBytesPerSec" : 0.0
  },
  "Write 10k" : {
    "transaction" : "Write 10k",
    "sampleCount" : 10000,
    "errorCount" : 0,
    "errorPct" : 0.0,
    "meanResTime" : 154.3214000000005,
    "minResTime" : 122.0,
    "maxResTime" : 3029.0,
    "pct1ResTime" : 132.0,
    "pct2ResTime" : 133.0,
    "pct3ResTime" : 2486.479999999552,
    "throughput" : 594.4243000653867,
    "receivedKBytesPerSec" : 5.224432324793438,
    "sentKBytesPerSec" : 0.0
  }
}